0,-1.6889231,3.636633,8.812365
0.229889,0.38136974,3.7864566,9.956474
0.260193,0.7218784,3.9090397,9.615966
0.300202,1.5390993,3.9090397,9.80665
0.330231,2.3699405,4.5628166,9.615966
0.36023,2.4108016,4.7126403,8.894087
0.400025,2.5606253,5.053149,9.956474
0.440094,3.0645783,4.2495484,9.915613
0.480195,2.4108016,4.440233,9.534244
0.510041,2.3699405,4.372132,9.507003
0.540009,2.5606253,4.1814466,9.343558
0.569977,2.5606253,4.140586,9.534244
0.599976,2.5333846,4.2086873,9.466142
0.629914,2.7921712,3.9499009,9.507003
0.660035,2.9147544,3.6774938,9.343558
0.703217,2.8330324,3.8273177,9.466142
0.740143,2.6832085,3.3778462,9.724928
0.782868,2.3018389,3.173541,9.384419
0.830628,1.8387469,3.0645783,9.888372
0.870179,1.7978859,2.7921712,9.80665
0.910248,1.7297841,3.0237172,10.038197
0.950409,1.5390993,2.8738933,9.915613
0.990174,1.4982382,3.0237172,10.732834
1.030335,1.2666923,3.1463003,9.956474
1.069977,1.3075534,3.0645783,9.575105
1.114594,0.7627395,3.214402,10.269742
1.150055,0.53119355,3.255263,10.269742
1.190217,0.38136974,3.1463003,9.80665
1.230225,-0.040861044,3.405087,10.310603
1.270234,-0.19068487,3.445948,10.337844
1.313141,0,3.336985,11.141444
1.350068,2.152015,2.7921712,13.402422
1.395173,1.0760075,2.3018389,11.372991
1.430115,0.6946377,1.56634,7.246025
1.470276,0,0.84446156,10.147159
1.510071,1.9885708,-0.50395286,8.812365
1.550568,-0.040861044,1.1441092,5.47538
1.589966,0.38136974,1.9477097,9.507003
1.63028,-2.982856,4.7126403,11.836082
1.670411,-1.3075534,2.5606253,9.575105
1.710206,-0.10896278,2.6423476,10.95076
1.750184,-0.10896278,3.0645783,9.343558
1.790253,0.10896278,2.6832085,10.528529
1.830475,0.6537767,3.173541,10.378705
1.871979,0.23154591,2.3699405,9.656827
1.91095,0.313268,2.7921712,10.119919
1.951203,0.53119355,2.4925237,10.228881
1.99112,0.6946377,2.2201166,10.528529
2.031037,0.6537767,2.2201166,10.460427
2.071045,1.4573772,1.7978859,9.956474
2.121003,1.9477097,2.9556155,11.727119
2.161194,0.92618364,2.3699405,10.269742
2.200959,3.173541,1.9477097,11.304889
2.240998,2.4925237,1.7978859,9.343558
2.280976,2.2609777,1.5390993,8.62168
2.320954,2.2201166,2.4925237,10.119919
2.360993,3.486809,1.2258313,9.997335
2.401185,3.1054392,1.7978859,10.147159
2.440979,2.982856,1.56634,10.378705
2.48111,3.0645783,1.4982382,9.534244
2.520905,3.214402,1.3075534,9.765789
2.561249,3.445948,1.0351465,9.915613
2.601075,3.718355,0.7627395,9.275456
2.641083,4.0180025,0.10896278,8.390134
2.682038,4.4810944,-0.84446156,7.5865335
2.732422,5.407278,-2.3699405,5.597963
2.77002,8.471856,-1.879608,6.932757
2.820435,8.894087,-1.56634,8.771504
2.860138,9.656827,-1.4573772,8.19945
2.900544,11.413852,-1.4165162,6.4424243
2.940186,12.067628,-0.61291564,4.440233
2.983155,10.732834,-2.5333846,4.862464
3.030121,9.152874,-4.0588636,2.4108016
3.070527,7.014479,-5.012288,0.84446156
3.110718,8.580819,-3.9499009,2.4108016
3.152405,8.962189,-6.0474343,5.8567495
3.190247,7.504812,-6.5922484,1.1441092
3.229981,7.014479,-6.5922484,-0.53119355
3.259949,7.504812,-6.4015636,-0.040861044
3.290009,5.9793324,-6.428804,-0.8036005
3.319977,4.4810944,-6.0882955,1.3075534
3.360077,5.053149,-7.205164,2.1792557
3.400177,5.434519,-7.504812,1.0760075
3.440217,5.366417,-6.742072,1.3075534
3.480256,4.6036777,-7.8589406,1.4982382
3.520234,3.636633,-10.147159,-1.4165162
3.560334,3.6774938,-10.61025,-1.3756552
3.600525,3.5276701,-8.158588,-1.1441092
3.640076,1.1849703,-5.8976107,-2.070293
3.711152,4.099725,-10.56939,0.313268
3.773194,4.3312707,-12.299174,-2.2201166
3.832551,3.405087,-8.158588,-1.2258313
3.872254,3.3778462,-8.349273,-0.08172209
3.91272,2.3426998,-8.267551,-1.0351465
3.960053,-0.7627395,-4.862464,0.040861044
4.0029,4.140586,-12.830367,0
4.050477,1.4165162,-9.112013,-1.0351465
4.095459,2.8330324,-8.921328,-0.6946377
4.142395,1.7570249,-9.656827,-0.10896278
4.193238,-1.4165162,-4.1814466,-1.0760075
4.241333,2.1111538,-9.997335,-0.6946377
4.280762,1.0760075,-7.5456724,1.4573772
4.320099,-0.84446156,-8.499097,1.6480621
4.37027,-0.08172209,-16.358038,2.3018389
4.410004,-2.3018389,-8.240311,1.3075534
4.44043,-1.7297841,-9.234595,1.334794
4.481873,-2.2609777,-10.56939,1.56634
4.533814,-0.50395286,-6.66035,1.56634
4.582062,-1.2666923,-11.3321295,-0.08172209
4.620881,-0.6537767,-9.112013,1.3756552
4.662079,0.27240697,-8.390134,1.2666923
4.701203,-0.7218784,-9.084772,1.4573772
4.740326,-1.334794,-9.384419,1.5390993
4.780243,-1.879608,-9.234595,0.9942854
4.820221,-1.8387469,-9.384419,1.6480621
4.86026,-1.525479,-9.275456,1.4573772
4.901001,-1.3756552,-9.275456,1.3075534
4.940735,-0.9942854,-9.275456,1.4573772
4.980256,-0.7218784,-9.343558,1.5390993
5.0206,-0.6946377,-9.384419,1.4573772
5.060639,-0.7218784,-9.302697,1.5390993
5.110901,-1.1168685,-9.302697,1.56634
5.150116,-1.56634,-9.425281,1.607201
5.192597,-1.4165162,-9.343558,1.7570249
5.230256,-1.2666923,-9.234595,1.6889231
5.271088,-0.9942854,-9.275456,1.5390993
5.311005,-0.88532263,-9.343558,1.3756552
5.350525,-0.7218784,-9.302697,1.3756552
5.390107,-0.88532263,-9.302697,1.3075534
5.430298,-0.95342433,-9.275456,1.3756552
5.470093,-0.9942854,-9.343558,1.3075534
5.510743,-1.1168685,-9.302697,1.334794
5.550599,-1.0351465,-9.302697,1.3756552
5.59021,-0.9125633,-9.302697,1.334794
5.63028,-0.84446156,-9.343558,1.3075534
5.669953,-0.84446156,-9.343558,1.2666923
5.710145,-0.95342433,-9.343558,1.2258313
5.747406,-0.9125633,-9.302697,1.2666923
5.78122,-1.0351465,-9.302697,1.3075534
5.82071,-0.9942854,-9.302697,1.2258313
5.860657,-0.95342433,-9.302697,1.2666923
5.900147,-0.9942854,-9.302697,1.2666923
5.940186,-0.95342433,-9.343558,1.2666923
5.980195,-0.9125633,-9.302697,1.3075534
6.02118,-0.9942854,-9.302697,1.2666923
6.06009,-0.95342433,-9.275456,1.3075534
6.100861,-0.9125633,-9.343558,1.2666923
6.140137,-0.84446156,-9.343558,1.2666923
6.180512,-0.9125633,-9.343558,1.1849703
6.220124,-0.9942854,-9.384419,1.2666923
6.260865,-0.95342433,-9.302697,1.2258313
6.299927,-0.88532263,-9.302697,1.3075534
6.34137,-0.95342433,-9.343558,1.2258313
6.380524,-0.9942854,-9.302697,1.1849703
6.430909,-0.88532263,-9.343558,1.1441092
6.470368,-0.88532263,-9.384419,1.1849703
6.512177,-0.95342433,-9.302697,1.2258313
6.550232,-0.88532263,-9.302697,1.2666923
6.590241,-0.9125633,-9.302697,1.1849703
6.630158,-0.9125633,-9.302697,1.2258313
6.672608,-0.95342433,-9.343558,1.2258313
6.710175,-0.95342433,-9.343558,1.1849703
6.753144,-0.84446156,-9.343558,1.1849703
6.790375,-0.84446156,-9.302697,1.1168685
6.840119,-0.84446156,-9.302697,1.1849703
6.881318,-0.84446156,-9.275456,1.1849703
6.920075,-0.88532263,-9.343558,1.1168685
7.000031,-0.9125633,-9.302697,1.1168685
7.041352,-0.88532263,-9.343558,1.1441092
7.122284,-0.88532263,-9.302697,1.0760075
7.160462,-0.7627395,-9.343558,1.2666923
7.200013,-0.9125633,-9.343558,1.1849703
7.230988,-0.88532263,-9.302697,1.2258313
7.271454,-0.95342433,-9.343558,1.1441092
7.310029,-0.88532263,-9.343558,1.1441092
7.351227,-0.9125633,-9.343558,1.1441092
7.390168,-0.84446156,-9.302697,1.1849703
7.43042,-0.9125633,-9.343558,1.1441092
7.480469,-0.95342433,-9.343558,1.2258313
7.520051,-0.9125633,-9.343558,1.2258313
7.560181,-0.88532263,-9.302697,1.1849703
7.600953,-0.84446156,-9.343558,1.1168685
7.680176,-0.9125633,-9.343558,1.1441092
7.720124,-0.88532263,-9.343558,1.1441092
7.760743,-0.9125633,-9.384419,1.1441092
7.790741,-0.9125633,-9.343558,1.1849703
7.83017,-0.88532263,-9.343558,1.1441092
7.870331,-0.84446156,-9.302697,1.1168685
7.910157,-0.84446156,-9.302697,1.0760075
7.950409,-0.84446156,-9.343558,1.1441092
7.990174,-0.88532263,-9.302697,1.0760075
8.030274,-0.84446156,-9.343558,1.1441092
8.070405,-0.9125633,-9.343558,1.1168685
8.111695,-0.88532263,-9.302697,1.0760075
8.151001,-0.9125633,-9.302697,1.2258313
8.180146,-0.8036005,-9.343558,1.2258313
8.220124,-0.88532263,-9.343558,1.1441092
8.260193,-0.9125633,-9.343558,1.2258313
8.300477,-0.9125633,-9.302697,1.1441092
8.331269,-0.95342433,-9.343558,1.1441092
8.37024,-0.88532263,-9.302697,1.1168685
8.410187,-0.95342433,-9.302697,1.1168685
8.450562,-0.84446156,-9.302697,1.0760075
8.490815,-0.88532263,-9.302697,1.1441092
8.530152,-0.9125633,-9.302697,1.0760075
8.570099,-0.88532263,-9.302697,1.1441092
8.610566,-1.0760075,-9.384419,1.1849703
8.654816,-0.9942854,-9.302697,1.2666923
8.692444,-0.9942854,-9.343558,1.1849703
8.730134,-0.95342433,-9.384419,1.2666923
8.790253,-0.95342433,-9.343558,1.1849703
8.830201,-1.0351465,-9.384419,1.1441092
8.882294,-1.1168685,-9.343558,1.1441092
8.939515,-0.9942854,-9.275456,0.9942854
8.985291,-1.2666923,-9.193735,0.7218784
9.031098,-0.88532263,-9.275456,0.46309182
9.1055,-0.6537767,-9.084772,-0.08172209
9.151459,-0.46309182,-8.853226,-0.6537767
9.207184,0.8036005,-8.880466,-0.7218784
9.27179,1.0760075,-8.471856,-1.879608
9.343842,1.334794,-7.7363577,-2.7513103
9.38205,1.3075534,-7.3549876,-3.214402
9.457062,2.3018389,-6.973618,-3.5957718
9.510651,3.3778462,-6.238119,-3.9771416
9.562165,3.568531,-6.1291566,-4.5628166
9.633118,4.099725,-5.8158884,-4.8216033
9.671357,4.4810944,-6.2108784,-5.7886477
9.722321,5.243834,-5.6660647,-6.0474343
9.784516,5.47538,-5.434519,-6.932757
9.820191,6.1291566,-5.134871,-6.6331096
9.87027,5.2165933,-5.053149,-7.014479
9.910828,5.7477865,-4.140586,-6.932757
9.954499,5.243834,-3.5957718,-6.428804
10.04068,6.851035,-2.070293,-8.62168
10.092286,7.0553403,-2.1383946,-8.158588
10.141114,5.8976107,-1.3075534,-6.851035
10.192017,5.9793324,-0.84446156,-7.1234417
10.235352,5.9793324,-0.10896278,-7.4639506
10.282319,6.1700177,-0.38136974,-7.6273947
10.3219,6.1700177,-0.29964766,-7.4639506
10.366791,6.3607025,-0.61291564,-7.3958488
10.401642,6.2108784,-1.1441092,-7.246025
10.441224,6.1291566,-0.9942854,-7.273266
10.480378,5.9793324,-1.1168685,-7.273266
10.520112,6.0474343,-1.3075534,-6.851035
10.570252,6.0474343,-1.2258313,-7.43671
10.610505,5.434519,-0.88532263,-7.3549876
10.640778,5.938472,-0.8036005,-7.3141265
10.680695,6.3198414,-0.9125633,-6.973618
10.720856,6.66035,-1.0351465,-6.742072
10.760254,6.5922484,-1.2666923,-6.891896
10.800232,6.6331096,-0.95342433,-6.891896
10.840882,6.701211,-1.0351465,-6.701211
10.870789,6.469665,-0.9125633,-6.782933
10.911744,6.469665,-0.8036005,-6.891896
10.973267,6.3607025,-1.0351465,-6.932757
11.020173,6.5513873,-1.0760075,-6.782933
11.068635,6.3607025,-1.0760075,-7.014479
11.11084,6.3607025,-1.1168685,-7.082581
11.151703,6.4015636,-1.1849703,-7.014479
11.194703,6.2789803,-0.9942854,-6.973618
11.232209,6.2108784,-0.88532263,-7.082581
11.270081,6.238119,-0.88532263,-7.082581
11.310914,6.3198414,-0.88532263,-7.04172
11.353333,6.3198414,-0.9942854,-7.082581
11.390992,6.2789803,-0.95342433,-7.04172
11.430176,6.3198414,-0.9125633,-7.014479
11.473328,6.3607025,-0.9125633,-7.04172
11.510621,6.3198414,-0.9125633,-6.973618
11.551636,6.3198414,-0.9125633,-7.014479
11.592041,6.2789803,-0.95342433,-7.014479
11.631409,6.2789803,-0.95342433,-7.04172
11.670136,6.3198414,-0.9125633,-7.082581
11.710511,6.2789803,-0.9125633,-7.04172
11.75058,6.3198414,-0.9125633,-7.04172
11.79126,6.3198414,-0.95342433,-6.973618
11.830292,6.3607025,-0.88532263,-7.014479
11.910187,6.4015636,-0.9125633,-7.014479
11.954316,6.2789803,-0.9125633,-7.014479
11.990693,6.2108784,-0.9125633,-7.1234417
12.030732,6.3198414,-0.9125633,-7.04172
12.070435,6.4015636,-0.9125633,-6.973618
12.100281,6.3198414,-0.88532263,-7.04172
12.140442,6.3198414,-0.88532263,-7.082581
12.180146,6.2789803,-0.9125633,-7.014479
12.220551,6.2108784,-0.88532263,-7.1234417
12.260071,6.2108784,-0.88532263,-7.04172
12.300171,6.2789803,-0.88532263,-7.082581
12.340668,6.4015636,-0.9125633,-7.014479
12.381073,6.3607025,-0.95342433,-7.014479
12.420075,6.3198414,-0.9125633,-7.014479
12.460145,6.238119,-0.88532263,-7.04172
12.490693,6.2789803,-0.9125633,-7.04172
12.570221,6.2789803,-0.9125633,-7.082581
12.610657,6.2789803,-0.9125633,-7.04172
12.650147,6.3198414,-0.9942854,-7.04172
12.690705,6.3198414,-1.1168685,-7.04172
12.732605,6.2789803,-0.84446156,-7.205164
12.776185,6.1700177,-0.5720546,-7.164303
12.830201,6.2108784,-0.5720546,-7.014479
12.872376,6.3198414,-0.6946377,-7.04172
12.911011,6.4015636,-0.7627395,-7.082581
12.950165,6.3607025,-0.6946377,-7.04172
12.990235,6.2789803,-0.6946377,-7.04172
13.030182,6.238119,-0.7218784,-7.1234417
13.071106,6.2108784,-0.8036005,-7.1234417
13.11023,6.238119,-0.7218784,-7.164303
13.150849,6.2789803,-0.7218784,-7.082581
13.180146,6.238119,-0.7627395,-7.082581
13.220337,6.2789803,-0.7218784,-7.082581
13.260132,6.3198414,-0.6946377,-7.082581
13.301331,6.3198414,-0.6946377,-7.04172
13.341126,6.2789803,-0.7218784,-7.082581
13.370148,6.2789803,-0.7218784,-7.1234417
13.410126,6.238119,-0.7218784,-7.1234417
13.490693,6.2789803,-0.6946377,-7.082581
13.530579,6.2789803,-0.6946377,-7.1234417
13.57132,6.2789803,-0.7218784,-7.082581
13.610596,6.2789803,-0.7218784,-7.1234417
13.650605,6.238119,-0.6946377,-7.082581
13.690583,6.2789803,-0.6946377,-7.082581
13.730713,6.2789803,-0.7218784,-7.082581
13.770081,6.3198414,-0.7218784,-7.082581
13.81128,6.3198414,-0.7218784,-7.04172
13.851136,6.2789803,-0.7627395,-7.082581
13.891724,6.2789803,-0.7218784,-7.082581
13.930115,6.2789803,-0.7218784,-7.04172
13.971558,6.2789803,-0.6946377,-7.082581
14.010193,6.3198414,-0.6946377,-7.04172
14.050293,6.2789803,-0.7627395,-7.04172
14.081055,6.2789803,-0.7218784,-7.082581
14.121125,6.238119,-0.7218784,-7.1234417
14.160065,6.2789803,-0.7218784,-7.082581
14.201569,6.238119,-0.6946377,-7.1234417
14.240113,6.2789803,-0.7627395,-7.082581
14.280304,6.2789803,-0.7218784,-7.082581
14.320252,6.3198414,-0.7218784,-7.04172
14.360444,6.2789803,-0.7218784,-7.04172
14.400055,6.3198414,-0.7218784,-7.04172
14.441041,6.2789803,-0.7218784,-7.1234417
14.480469,6.3198414,-0.6946377,-7.082581
14.520142,6.3198414,-0.7218784,-7.04172
14.560761,6.2789803,-0.6946377,-7.082581
14.601227,6.3198414,-0.6537767,-7.04172
14.640625,6.2108784,-0.7218784,-7.082581
14.680726,6.2108784,-0.8036005,-7.205164
14.72049,6.2789803,-0.8036005,-7.082581
14.760621,6.2108784,-0.50395286,-6.932757
14.800477,6.2789803,-0.5720546,-7.082581
14.840699,6.469665,-0.95342433,-7.014479
14.881562,6.6331096,-1.0760075,-6.851035
14.920136,6.3607025,-0.9125633,-7.014479
14.960999,6.2789803,-0.9125633,-6.973618
15.000062,6.4015636,-0.9942854,-7.04172
15.041047,6.3607025,-0.84446156,-7.3141265
15.08014,6.1291566,-0.7627395,-7.246025
15.124115,6.0201936,-0.42223078,-7.3549876
15.170228,5.829509,-0.46309182,-7.4639506
15.230195,5.6252036,-0.29964766,-7.5865335
15.289338,5.366417,-0.46309182,-7.6546354
15.351075,5.366417,-0.61291564,-7.8180795
15.406128,5.243834,-0.7218784,-7.6273947
15.466248,7.1234417,1.7570249,-10.56939
15.511536,6.3607025,-0.53119355,-9.847511
15.550141,6.1291566,1.6480621,-9.302697
15.59198,5.053149,-1.4982382,-8.390134
15.630249,5.6660647,-3.6774938,-8.390134
15.679169,5.829509,-4.862464,-7.6546354
15.725556,4.862464,-4.7126403,-6.782933
15.760132,4.5628166,-5.134871,-6.1700177
15.803681,4.903325,-5.284695,-5.5571017
15.846406,4.2086873,-5.6660647,-5.012288
15.88205,3.568531,-5.6660647,-4.7126403
15.940644,3.0645783,-6.3198414,-4.099725
15.993287,2.070293,-6.742072,-3.173541
16.040284,1.9477097,-6.973618,-2.7921712
16.088013,1.7570249,-7.6546354,-1.2666923
16.121125,1.5390993,-7.6546354,0.10896278
16.170197,1.5390993,-8.689782,-0.3405087
16.213807,2.1111538,-8.662541,0.313268
16.263093,1.9885708,-8.539958,1.2666923
16.301941,0.3405087,-9.084772,1.6889231
16.34018,-0.50395286,-9.724928,2.3018389
16.383088,-1.1441092,-9.466142,1.9885708
16.42035,-1.7297841,-9.697687,2.152015
16.468171,-0.42223078,-10.460427,1.3075534
16.500672,1.9885708,-10.528529,2.9556155
16.541077,0.61291564,-11.536434,1.2258313
16.580689,0.95342433,-11.182305,0.84446156
16.621338,1.2258313,-10.528529,0.88532263
16.660126,-0.6946377,-9.534244,1.1441092
16.700287,-2.4516625,-10.501288,-0.040861044
16.756196,-0.5720546,-11.182305,1.4982382
16.79184,1.6480621,-11.495573,1.4573772
16.840455,3.336985,-10.841797,0.5720546
16.880249,3.8681788,-8.308413,-0.23154591
16.925782,1.56634,-7.014479,0.10896278
16.961762,-1.9885708,-6.238119,-0.14982383
17.01001,-1.525479,-4.903325,-1.334794
17.055939,0.53119355,-3.486809,-3.5276701
17.09079,2.4516625,-4.5219555,-3.486809
17.133332,2.6832085,-5.284695,-2.6832085
17.182679,4.7943625,-12.067628,-2.4108016
17.241456,3.405087,-17.393185,-8.267551
17.286255,-3.0237172,-11.141444,0.08172209
17.338044,2.4925237,-8.539958,1.3756552
17.384156,-3.9771416,-5.5162406,1.3756552
17.430207,1.2666923,-11.114203,4.099725
17.472352,1.2666923,-10.800936,1.3756552
17.515748,-0.95342433,-8.62168,1.7297841
17.596314,-1.0351465,-9.112013,2.4925237
17.630982,0.040861044,-10.079058,0.8036005
17.672028,0.9942854,-9.575105,1.3756552
17.715302,-0.10896278,-8.730643,2.2609777
17.750214,-0.19068487,-9.084772,2.2609777
17.793915,-0.08172209,-8.539958,1.1441092
17.830658,-1.6480621,-9.956474,2.1111538
17.870728,0.313268,-11.372991,2.6014864
17.902619,-0.23154591,-12.176591,1.56634
17.940247,1.7978859,-12.258313,0.84446156
18.046998,0.6537767,-9.043911,1.3075534
18.111817,-1.8387469,-12.598822,2.2609777
18.151276,0.61291564,-11.536434,1.5390993
18.19394,0.42223078,-8.812365,0.9942854
18.231476,-0.46309182,-5.8158884,0.50395286
18.270112,-0.42223078,-5.366417,-0.19068487
18.321351,-0.040861044,-5.175732,-0.50395286
18.361786,0.313268,-3.9090397,-0.6537767
18.400177,1.879608,-5.407278,-1.7978859
18.452881,3.0237172,-16.43976,-5.243834
18.508332,3.173541,-13.0619135,-6.891896
18.541749,-1.3075534,-1.4573772,-3.5957718
18.584382,-0.61291564,-9.888372,-0.50395286
18.6297,1.9477097,-12.789507,1.6889231
18.670289,-3.7864566,-5.325556,0.42223078
18.711304,-0.29964766,-8.539958,5.053149
18.750763,2.7921712,-11.223166,2.8738933
18.804841,0.5720546,-9.534244,2.3699405
18.851075,-2.4108016,-9.615966,3.0237172
18.892548,-0.61291564,-9.275456,2.8330324
18.93219,0.61291564,-8.880466,2.4925237
18.970276,0.27240697,-8.771504,2.1111538
19.010315,-0.61291564,-9.043911,2.070293
19.060639,-0.46309182,-8.853226,1.4165162
19.11023,0.38136974,-9.466142,2.9556155
19.151185,-0.29964766,-10.501288,2.9147544
19.190278,-0.84446156,-11.182305,1.9885708
19.23172,0.19068487,-11.604536,0.92618364
19.270447,1.8387469,-10.760075,2.1111538
19.311615,-1.7297841,-9.384419,1.4982382
19.355317,-4.1814466,-9.343558,0
19.401795,-2.6014864,-11.75436,2.0294318
19.442658,-0.19068487,-12.176591,1.607201
19.482148,1.1441092,-11.114203,-0.29964766
19.522187,-0.5720546,-6.742072,0.38136974
19.564698,-0.08172209,-5.012288,-0.61291564
19.6008,-0.46309182,-4.944186,-1.6480621
19.651856,0.040861044,-4.862464,-1.2666923
19.711823,1.5390993,-5.5571017,-1.9477097
19.753296,1.9885708,-11.686258,-4.8216033
19.790192,0.8036005,-18.305748,-6.973618
19.831269,-1.6480621,-10.923519,-4.0588636
19.869965,-3.7864566,-5.938472,-3.718355
19.917695,-2.2609777,-9.343558,-3.0237172
19.961152,2.0294318,-8.962189,1.6480621
20.01059,-0.14982383,-7.8180795,2.1792557
20.067109,0.46309182,-10.079058,2.5606253
20.11084,-1.525479,-9.234595,0.88532263
20.151856,-1.0760075,-8.853226,1.7297841
20.192353,-0.9125633,-8.921328,2.3426998
20.240235,0.3405087,-9.152874,3.336985
20.282807,-0.27240697,-9.575105,2.7649305
20.320374,-1.2258313,-9.724928,2.3018389
20.366486,-1.7570249,-9.697687,2.4925237
20.408539,-0.29964766,-9.888372,2.6423476
20.46225,0.14982383,-9.425281,3.568531
20.500245,-0.38136974,-9.493382,3.8273177
20.540345,0.23154591,-10.079058,3.255263
20.584351,-0.9125633,-9.997335,3.1054392
20.620301,-2.1111538,-10.079058,2.6832085
20.661133,-0.08172209,-9.493382,3.718355
20.700287,0.27240697,-8.921328,4.1814466
20.740113,-2.6832085,-7.8589406,3.6774938
20.780213,-5.597963,-7.8180795,2.5606253
20.820282,-5.47538,-8.662541,3.405087
20.860505,-3.9499009,-9.193735,3.0237172
20.900208,-2.8738933,-9.425281,3.445948
20.952393,-1.920469,-9.084772,2.2201166
21.00058,-0.9942854,-8.730643,1.3075534
21.040741,-0.29964766,-8.880466,0.6946377
21.091797,-1.334794,-8.308413,0.19068487
21.214203,-1.6889231,-9.152874,-1.7978859
21.270386,-1.9885708,-8.267551,0.27240697
21.320008,-2.3699405,-8.689782,-1.2666923
21.360901,-2.2609777,-8.921328,-1.607201
21.401398,-1.9477097,-9.043911,-2.0294318
21.458191,-1.9885708,-8.19945,-0.61291564
21.509095,-2.2201166,-8.267551,-0.27240697
21.551148,-2.6014864,-8.62168,0.14982383
21.59079,-3.0237172,-10.56939,0.08172209
21.652039,-2.7513103,-9.084772,1.4165162
21.706421,-3.2961242,-9.275456,1.4573772
21.75113,-0.3405087,-8.962189,2.6832085
21.826111,0.040861044,-9.765789,3.0237172
21.882111,-0.53119355,-8.730643,2.8738933
21.925629,-0.46309182,-9.615966,2.3426998
21.972504,-0.38136974,-9.234595,2.4925237
22.02002,-0.040861044,-9.724928,2.6423476
22.060944,-0.42223078,-9.697687,2.3426998
22.100251,-1.0760075,-9.575105,2.6014864
22.150086,0.10896278,-9.275456,2.7921712
22.190156,0.92618364,-9.575105,2.6423476
22.230164,-0.14982383,-9.493382,2.1792557
22.270691,-1.2258313,-9.275456,2.4108016
22.311402,-0.42223078,-9.112013,2.7649305
22.352051,0.10896278,-9.847511,2.2609777
22.391236,0.08172209,-10.61025,2.152015
22.431672,0.46309182,-12.108489,2.2609777
22.471711,0.61291564,-10.7192135,1.3756552
22.511139,-1.607201,-9.193735,1.2666923
22.562317,-2.4516625,-8.962189,0.5720546
22.611268,-2.3018389,-10.269742,1.1441092
22.652375,-0.3405087,-11.495573,2.3018389
22.716187,1.879608,-10.460427,0.61291564
22.760865,-0.040861044,-7.6273947,-0.9125633
22.813202,0.3405087,-6.0474343,-0.88532263
22.872132,-0.10896278,-4.630918,-0.6537767
22.927918,0.61291564,-3.486809,-1.7297841
22.972657,1.607201,-6.851035,-2.9556155
23.025879,3.214402,-18.0061,-4.2086873
23.07309,1.1168685,-4.0180025,-6.1700177
23.110077,-0.08172209,-2.5333846,-1.879608
23.140229,0.27240697,-8.771504,0.6537767
23.18216,0.23154591,-13.593107,-0.08172209
23.232178,-2.9556155,-6.428804,-0.42223078
23.28006,0.84446156,-9.384419,4.399372
23.320984,0.8036005,-9.697687,2.4516625
23.363556,-0.6537767,-9.302697,1.6889231
23.406312,-0.50395286,-9.384419,1.879608
23.451233,-1.879608,-8.812365,2.9556155
23.490326,-1.1441092,-9.493382,1.8387469
23.531678,0.42223078,-9.997335,1.3756552
23.570343,-1.0351465,-9.00305,1.879608
23.617005,-0.46309182,-9.343558,1.7978859
23.65091,0.10896278,-9.466142,1.6480621
23.691254,-0.040861044,-9.275456,1.9477097
23.730225,0,-10.800936,2.5333846
23.774445,-0.9942854,-11.454713,1.9885708
23.822846,0,-10.991621,0.88532263
23.894837,-2.6832085,-7.6954966,0.14982383
23.93686,-3.486809,-11.182305,0.7627395
23.983307,-3.336985,-12.53072,1.3756552
24.030121,0.84446156,-11.223166,0.3405087
24.070374,0.84446156,-8.19945,1.1168685
24.12909,-0.23154591,-6.742072,0.53119355
24.20514,-1.9477097,-5.366417,0.19068487
24.242798,0.84446156,-4.7943625,-1.6480621
24.291169,2.070293,-6.891896,-3.336985
24.332001,4.9850473,-16.548723,-3.8273177
24.380982,4.140586,-14.709975,-6.3607025
24.429474,-0.23154591,-7.5456724,-7.1234417
24.473145,-3.718355,-10.18802,-0.040861044
24.530182,-0.19068487,-3.7864566,2.0294318
24.570252,0.61291564,-11.985906,4.0588636
24.620118,-0.27240697,-8.580819,1.7978859
24.662781,-2.1111538,-8.430995,1.0351465
24.713501,-0.23154591,-9.043911,2.1792557
24.771882,0.08172209,-8.730643,2.4108016
24.810486,0.23154591,-9.765789,0.7627395
24.852265,0.53119355,-9.302697,2.8330324
24.900666,-1.56634,-9.915613,1.56634
24.940186,-1.1441092,-11.032481,1.1849703
25.000245,-0.08172209,-10.7192135,1.9477097
25.040467,-0.53119355,-11.073342,2.8738933
25.08075,0.3405087,-11.645397,3.1463003
25.120881,-0.6537767,-10.106298,1.2258313
25.160798,-0.95342433,-8.499097,1.3756552
25.201142,-1.6889231,-9.534244,0.23154591
25.240174,-2.9147544,-9.956474,1.56634
25.286866,-1.7978859,-10.651112,2.070293
25.330201,0.38136974,-10.991621,0.42223078
25.381165,0.5720546,-8.117727,0.23154591
25.420746,-0.29964766,-6.0474343,-0.27240697
25.460999,0.27240697,-6.3198414,-0.6946377
25.521454,0.84446156,-5.053149,-1.0760075
25.561158,1.1849703,-4.5628166,-1.6889231
25.605988,1.4982382,-7.082581,-2.8330324
25.663575,0.6537767,-17.774553,-4.862464
25.709168,0.19068487,-8.076866,-4.8216033
25.762391,-0.9942854,-11.264028,-3.0645783
25.815156,0.9942854,-4.5900574,1.5390993
25.859009,1.3075534,-9.615966,4.140586
25.931855,0.6946377,-11.563675,2.7649305
25.972474,-2.9147544,-8.539958,1.4573772
26.014588,-1.6889231,-8.921328,1.7978859
26.053437,-0.9125633,-8.771504,1.7978859
26.103364,-1.0760075,-9.043911,1.9477097
26.151398,-1.3756552,-9.275456,1.4982382
26.200593,-2.4925237,-8.853226,2.2201166
26.24823,-2.4516625,-9.493382,2.4108016
26.295319,-0.9125633,-9.493382,2.5606253
26.336792,0.040861044,-9.084772,3.255263
26.385254,1.1441092,-11.563675,2.152015
26.426545,1.7297841,-11.686258,0.9942854
26.491333,0.50395286,-10.882658,1.4573772
26.53122,-0.53119355,-10.18802,0.61291564
26.581452,-1.1849703,-9.152874,2.152015
26.620759,-1.2258313,-9.384419,0.53119355
26.664979,-1.2666923,-11.836082,1.1441092
26.70102,1.6889231,-11.686258,4.099725
26.741944,1.3075534,-11.3321295,3.8273177
26.784485,-0.19068487,-10.419566,2.3426998
26.831177,-1.334794,-8.158588,1.3075534
26.87436,-1.56634,-7.3958488,1.0351465
26.911133,-2.1383946,-6.510526,-0.10896278
26.951691,-1.3756552,-5.243834,-0.84446156
27.000977,0.95342433,-4.3312707,-1.4165162
27.044526,3.3778462,-7.8589406,-1.2666923
27.081238,4.7943625,-15.935807,-2.2201166
27.12024,3.255263,-12.14935,-3.1463003
27.150269,-0.6537767,-8.962189,-3.9771416
27.192261,-2.1792557,-14.601013,-2.5606253
27.245209,-1.3075534,-3.214402,0.88532263
27.299408,0.313268,-9.575105,5.2165933
27.340394,-2.4925237,-12.067628,1.1441092
27.381684,-4.372132,-8.19945,1.7297841
27.430024,-1.4982382,-9.343558,5.053149
27.478699,-0.27240697,-9.997335,4.2495484
27.511139,0.9942854,-9.466142,3.2961242
27.550049,2.8738933,-9.275456,3.173541
27.591645,1.2258313,-8.962189,2.7649305
27.64029,-0.19068487,-8.499097,1.9885708
27.683381,-0.7627395,-9.00305,2.4108016
27.720643,0.313268,-9.575105,3.336985
27.760468,-0.95342433,-9.384419,1.3075534
27.800263,0.50395286,-11.032481,3.2961242
27.850678,0.38136974,-11.795221,2.982856
27.896058,0.27240697,-10.378705,1.1849703
27.937012,-1.7978859,-7.7363577,1.6889231
27.970704,-2.7921712,-10.269742,1.1441092
28.023865,-0.7627395,-13.0619135,2.7921712
28.060822,-3.1463003,-12.639683,3.3778462
28.10019,-2.7513103,-9.847511,1.7978859
28.140381,0.313268,-7.5865335,1.1168685
28.180115,0.27240697,-7.082581,-0.19068487
28.220673,-0.3405087,-5.434519,-1.1168685
28.262452,0.040861044,-4.5219555,-0.9942854
28.30423,1.5390993,-5.202973,-0.19068487
28.340333,2.1792557,-6.8237944,-2.5606253
28.391724,2.6423476,-11.495573,-5.5571017
28.439576,0.27240697,-17.393185,-6.851035
28.484162,-2.7240696,-4.7943625,-4.2086873
28.524964,-5.243834,-6.3198414,-2.5333846
28.601319,2.3018389,-8.580819,3.255263
28.654603,-0.9942854,-8.19945,2.4108016
28.692627,-0.14982383,-10.310603,3.568531
28.742066,-1.4982382,-8.308413,1.9477097
28.790162,-0.6537767,-10.038197,2.6423476
28.836884,1.1441092,-10.038197,3.214402
28.883149,0.88532263,-9.112013,3.5276701
28.920319,-1.56634,-9.425281,2.152015
28.965058,-1.0351465,-9.615966,2.4516625
29.01117,0.61291564,-9.00305,2.3699405
29.052948,0.7218784,-9.493382,2.3699405
29.09018,0.7627395,-9.575105,2.1792557
29.131531,-0.29964766,-10.038197,2.6832085
29.170166,-0.46309182,-10.800936,2.5333846
29.210328,-0.61291564,-10.841797,1.1168685
29.250123,0.46309182,-10.7192135,1.1168685
29.29361,-0.53119355,-8.62168,1.4982382
29.330628,-3.1463003,-9.00305,0.6537767
29.378418,-2.9147544,-13.021052,1.920469
29.421692,0.42223078,-12.4489975,2.8738933
29.46344,-3.445948,-9.575105,0.3405087
29.50058,-1.3756552,-6.782933,0.3405087
29.540192,-0.040861044,-7.8861814,0.14982383
29.581025,0.313268,-7.246025,-0.08172209
29.622681,-0.19068487,-4.7943625,-0.61291564
29.661469,0.5720546,-4.7126403,-0.8036005
29.701935,-0.10896278,-5.366417,-1.6889231
29.741822,0.95342433,-10.079058,-3.9090397
29.782654,3.6774938,-17.965239,-5.09401
29.823273,1.7978859,-13.293459,-4.2495484
29.871247,-4.2495484,-2.7240696,-2.2201166
29.920014,-3.9090397,-10.269742,0.42223078
29.972138,2.0294318,-12.489859,1.6889231
30.040619,-3.255263,-8.390134,1.920469
30.091858,0.27240697,-9.615966,3.255263
30.140229,0.040861044,-10.079058,1.1168685
30.186524,0.8036005,-9.425281,1.9477097
30.220276,1.2258313,-9.084772,3.173541
30.266938,-1.1168685,-9.234595,1.5390993
30.300629,-0.6537767,-9.152874,3.1463003
30.340241,-0.08172209,-9.466142,2.8738933
30.391938,-0.10896278,-8.499097,1.9477097
30.433411,-0.27240697,-9.915613,2.6832085
30.471436,-2.1792557,-9.275456,2.4925237
30.515809,-1.0760075,-9.888372,3.486809
30.551728,-0.5720546,-10.310603,2.5333846
30.591614,0.92618364,-11.032481,2.1792557
30.631836,0.38136974,-10.800936,1.7978859
30.672089,-1.8387469,-9.466142,0.9942854
30.710389,-3.405087,-8.962189,-0.10896278
30.761048,-1.9477097,-11.536434,1.879608
30.800629,-0.08172209,-11.686258,2.152015
30.840821,0.14982383,-10.923519,0.95342433
30.870636,0.19068487,-8.158588,0.19068487
30.910706,-0.10896278,-6.932757,-0.19068487
30.959992,-0.9125633,-6.5513873,0.10896278
31.00351,-1.1441092,-5.434519,-0.27240697
31.050141,0.23154591,-4.8216033,-0.8036005
31.090302,1.2666923,-7.205164,-1.2258313
31.140625,3.0645783,-13.947236,-3.173541
31.194397,2.2201166,-14.982383,-3.5276701
31.241333,-1.4165162,-8.62168,-3.8273177
31.285584,-2.9556155,-10.501288,0.6537767
31.330231,0.23154591,-7.7363577,1.1168685
31.372864,-1.525479,-7.1234417,2.7649305
31.434632,-0.84446156,-9.888372,3.1054392
31.481781,-0.7627395,-10.147159,2.4925237
31.550263,-0.9125633,-9.193735,1.3756552
31.59137,-0.7627395,-8.962189,1.9477097
31.631348,-0.61291564,-9.112013,3.0645783
31.683136,0.88532263,-9.575105,2.7649305
31.720246,1.1168685,-9.466142,1.6480621
31.761475,0.53119355,-8.962189,1.5390993
31.810151,0.14982383,-9.493382,1.6889231
31.86023,-0.14982383,-9.724928,2.3699405
31.900239,-0.88532263,-9.00305,2.0294318
31.949921,-0.95342433,-9.615966,2.9147544
31.980286,-0.6537767,-10.501288,3.8681788
32.020112,-1.4573772,-11.264028,3.3778462
32.050293,-1.0351465,-10.310603,2.7240696
32.080658,-0.6537767,-9.384419,2.2201166
32.121491,-0.23154591,-9.112013,1.334794
32.160218,-0.29964766,-9.00305,1.4165162
32.201874,-1.4165162,-8.158588,1.4573772
32.240174,-1.2258313,-9.493382,0.7218784
32.28302,-1.1441092,-11.3321295,1.2258313
32.326813,0.23154591,-10.841797,1.2258313
32.415955,-0.10896278,-7.205164,-0.8036005
32.479889,0,-6.742072,-0.38136974
32.545899,-0.6946377,-8.008764,-0.14982383
32.592316,-2.0294318,-10.147159,-0.5720546
32.630127,-0.27240697,-11.372991,-0.9942854
32.684815,-3.9499009,-8.267551,0.61291564
32.741089,-3.759216,-7.8861814,-0.38136974
32.782746,0.19068487,-10.419566,2.7649305
32.840424,-2.1792557,-10.079058,1.1168685
32.883484,-1.9885708,-8.19945,1.1441092
32.942475,-1.4573772,-9.234595,2.4108016
32.98996,-0.53119355,-9.343558,1.920469
33.032349,0.040861044,-9.575105,1.7297841
33.08017,-0.9942854,-9.302697,2.152015
33.12146,-1.3756552,-9.384419,2.0294318
33.167298,-1.56634,-9.302697,1.5390993
33.202668,-1.4982382,-9.343558,0.92618364
33.240204,-1.3075534,-9.302697,0.9942854
33.280243,-0.95342433,-9.234595,1.334794
33.320221,-1.1849703,-9.275456,1.6480621
33.364014,-1.2666923,-9.084772,1.7297841
33.400452,-1.2258313,-9.302697,1.6889231
33.441376,-0.5720546,-9.575105,2.152015
33.499268,-1.0351465,-9.384419,2.3426998
33.533997,-2.070293,-9.193735,2.5333846
33.571534,-2.4108016,-8.921328,2.1111538
33.611359,-1.525479,-9.084772,1.879608
33.65091,-1.3075534,-9.234595,2.070293
33.690186,-1.56634,-9.193735,2.070293
33.730958,-1.607201,-9.302697,1.879608
33.770447,-1.607201,-9.084772,2.1111538
33.811463,-1.6889231,-9.084772,2.3018389
33.849976,-1.7978859,-9.084772,2.1111538
33.890839,-1.607201,-9.112013,2.152015
33.930115,-1.56634,-9.112013,1.9885708
33.973298,-1.607201,-9.152874,1.9885708
34.010468,-1.56634,-9.234595,1.9885708
34.050507,-1.7297841,-9.084772,1.8387469
34.090638,-1.6889231,-9.043911,1.8387469
34.129975,-1.7570249,-9.112013,1.920469
34.183869,-1.7297841,-9.152874,1.9477097
34.223694,-1.7297841,-9.084772,1.9885708
34.260468,-1.7297841,-9.084772,1.879608
34.300141,-1.6889231,-9.152874,1.920469
34.340943,-1.6480621,-9.152874,1.879608
34.384583,-1.6480621,-9.112013,1.9477097
34.421021,-1.7297841,-9.084772,1.9477097
34.463074,-1.6889231,-9.193735,1.879608
34.501832,-1.7297841,-9.112013,1.920469
34.540162,-1.7570249,-9.112013,1.879608
34.580231,-1.7570249,-9.112013,1.9477097
34.666626,-1.7570249,-9.112013,1.9885708
34.700104,-1.7570249,-9.152874,1.9477097
34.748353,-1.7297841,-9.152874,1.9477097
34.780732,-1.7570249,-9.084772,1.920469
34.820221,-1.6889231,-9.152874,1.9885708
34.860047,-1.7297841,-9.152874,1.9885708
34.900239,-1.7978859,-9.152874,1.9477097
34.950135,-1.6889231,-9.112013,1.9885708
35.002106,-1.607201,-9.152874,1.9885708
35.040162,-1.6480621,-9.234595,2.0294318
35.080262,-1.607201,-9.112013,1.9885708
35.120636,-1.607201,-9.193735,2.0294318
35.160309,-1.6889231,-9.152874,1.920469
35.200043,-1.7297841,-9.152874,1.9477097
35.280182,-1.7570249,-9.152874,1.920469
35.32016,-1.7978859,-9.112013,1.9885708
35.360138,-1.7978859,-9.112013,1.920469
35.400605,-1.6480621,-9.112013,1.879608
35.440705,-1.607201,-9.152874,1.9885708
35.48108,-1.6480621,-9.112013,1.920469
35.520569,-1.6889231,-9.112013,1.920469
35.560212,-1.6889231,-9.193735,1.879608
35.601044,-1.6889231,-9.193735,1.9477097
35.640351,-1.6480621,-9.152874,1.8387469
35.681427,-1.6889231,-9.112013,1.879608
35.720093,-1.7297841,-9.193735,1.879608
35.811127,-1.6889231,-9.112013,1.8387469
35.850708,-1.6480621,-9.152874,1.8387469
35.890137,-1.56634,-9.152874,1.8387469
35.930146,-1.6889231,-9.152874,1.8387469
35.970215,-1.6480621,-9.152874,1.9477097
36.010224,-1.6889231,-9.152874,1.879608
36.050232,-1.6889231,-9.152874,1.7978859
36.08017,-1.6889231,-9.152874,1.8387469
36.120026,-1.607201,-9.152874,1.879608
36.16269,-1.6480621,-9.152874,1.7978859
36.200165,-1.6889231,-9.193735,1.8387469
36.230011,-1.6889231,-9.112013,1.7978859
36.260041,-1.7297841,-9.152874,1.7978859
36.300202,-1.6889231,-9.152874,1.8387469
36.343567,-1.7297841,-9.152874,1.7978859
36.381104,-1.6889231,-9.193735,1.7570249
36.420441,-1.607201,-9.112013,1.8387469
36.460083,-1.6480621,-9.152874,1.8387469
36.490113,-1.6889231,-9.112013,1.7978859
36.530182,-1.6889231,-9.193735,1.7978859
36.573639,-1.6480621,-9.152874,1.7570249
36.61258,-1.6480621,-9.193735,1.7978859
36.650971,-1.6889231,-9.152874,1.7978859
36.690705,-1.607201,-9.152874,1.7978859
36.730042,-1.607201,-9.193735,1.7570249
36.770295,-1.6889231,-9.152874,1.7570249
36.841126,-1.6480621,-9.152874,1.7978859
36.880158,-1.607201,-9.152874,1.7570249
36.920289,-1.6889231,-9.193735,1.7570249
36.960083,-1.6889231,-9.152874,1.7570249
37.000245,-1.6889231,-9.152874,1.7978859
37.040162,-1.6889231,-9.152874,1.7570249
37.070466,-1.6480621,-9.193735,1.7978859
37.1503,-1.6889231,-9.152874,1.7570249
37.190278,-1.6889231,-9.112013,1.7570249
37.230225,-1.6480621,-9.193735,1.7978859
37.270234,-1.6480621,-9.234595,1.8387469
37.310883,-1.7297841,-9.152874,1.9885708
37.350251,-1.9477097,-9.112013,1.9885708
37.392731,-1.9477097,-9.084772,2.070293
37.430848,-2.1383946,-9.112013,2.070293
37.470124,-2.070293,-9.084772,2.2201166
37.513245,-2.3018389,-9.112013,2.2201166
37.550354,-1.9885708,-9.00305,2.3699405
37.596253,-2.2609777,-9.343558,1.8387469
37.632691,-2.1111538,-9.275456,1.56634
37.671479,-2.2609777,-9.384419,1.2666923
37.710206,-1.920469,-9.466142,0.95342433
37.751526,-0.6537767,-9.343558,0.61291564
37.794159,0.84446156,-8.662541,-1.0351465
37.831757,-0.50395286,-7.273266,-0.50395286
37.87735,-0.14982383,-8.349273,-1.879608
37.912049,0.3405087,-9.384419,-2.3426998
37.96814,1.1168685,-8.539958,-1.9477097
38.021363,0.92618364,-7.04172,-3.2961242
38.092011,1.879608,-6.891896,-3.8681788
38.145173,1.879608,-6.3198414,-3.445948
38.18219,2.4516625,-5.7886477,-5.09401
38.240967,2.3018389,-5.597963,-4.399372
38.32074,4.903325,-5.012288,-5.7477865
38.361268,3.3778462,-6.469665,-7.04172
38.411774,4.5628166,-5.938472,-7.3958488
38.472748,3.990762,-6.0201936,-7.3958488
38.511384,4.8216033,-4.944186,-7.9679036
38.556489,4.7126403,-3.9771416,-7.504812
38.613251,5.5162406,-3.1054392,-8.430995
38.671021,5.829509,-1.4982382,-9.084772
38.711152,5.366417,-1.9477097,-8.499097
38.751648,4.7943625,-0.88532263,-7.504812
38.804169,4.7535014,-1.607201,-7.8180795
38.843506,4.671779,-1.6889231,-8.267551
38.881104,4.6036777,-1.879608,-8.499097
38.933991,4.5219555,-1.7978859,-8.539958
38.99115,5.325556,-0.50395286,-7.164303
39.03241,4.8216033,-0.10896278,-7.7772183
39.070282,4.7126403,-0.8036005,-7.6273947
39.110322,4.7943625,-0.88532263,-7.8589406
39.144837,4.7535014,-1.1849703,-7.8861814
39.181946,5.2165933,-1.6889231,-8.008764
39.220185,5.325556,-1.6480621,-7.7363577
39.26297,5.175732,-1.7297841,-7.8589406
39.301819,4.7943625,-1.4165162,-7.8589406
39.340363,4.671779,-1.4982382,-7.9679036
39.370759,4.903325,-1.334794,-7.8861814
39.410462,4.944186,-1.3075534,-7.7363577
39.450623,4.9850473,-1.4165162,-7.7772183
39.490235,4.8216033,-1.3075534,-7.8180795
39.530213,4.7943625,-1.334794,-7.9270425
39.570374,4.903325,-1.4573772,-7.9270425
39.607575,4.903325,-1.334794,-7.6954966
39.640534,4.944186,-1.4165162,-7.8180795
39.670319,4.903325,-1.3756552,-7.8589406
39.710663,4.903325,-1.4165162,-7.8861814
39.753907,4.903325,-1.3756552,-7.8589406
39.790162,4.903325,-1.3756552,-7.8861814
39.832825,4.9850473,-1.334794,-7.7363577
39.870667,4.903325,-1.334794,-7.8180795
39.910157,4.903325,-1.3756552,-7.8180795
39.964539,4.903325,-1.334794,-7.7772183
40.000885,4.903325,-1.3756552,-7.8589406
40.040741,4.903325,-1.334794,-7.8180795
40.080567,4.903325,-1.4165162,-7.8861814
40.120911,4.903325,-1.3756552,-7.8589406
40.162842,4.903325,-1.334794,-7.8180795
40.200776,4.903325,-1.3756552,-7.8861814
40.240021,4.903325,-1.334794,-7.8589406
40.281189,4.903325,-1.3756552,-7.8180795
40.32013,4.903325,-1.4165162,-7.8861814
40.364167,4.944186,-1.334794,-7.8589406
40.400086,4.903325,-1.3756552,-7.8589406
40.480103,4.903325,-1.3756552,-7.7772183
40.520051,4.903325,-1.3756552,-7.8589406
40.561158,4.862464,-1.334794,-7.8861814
40.600251,4.903325,-1.3756552,-7.8180795
40.640473,4.944186,-1.3756552,-7.8180795
40.680146,4.9850473,-1.3756552,-7.7772183
40.724823,4.944186,-1.334794,-7.8589406
40.760071,4.903325,-1.334794,-7.7772183
40.808289,4.903325,-1.3756552,-7.8589406
40.850525,4.944186,-1.3756552,-7.8589406
40.89209,4.903325,-1.4165162,-7.8180795
40.930024,4.903325,-1.3756552,-7.7772183
40.989258,4.944186,-1.3756552,-7.8589406
41.030121,4.903325,-1.3756552,-7.8180795
41.110047,4.903325,-1.3756552,-7.8589406
41.150116,4.944186,-1.4165162,-7.8589406
41.190888,4.862464,-1.334794,-7.8589406
41.231141,4.903325,-1.4165162,-7.8589406
41.27295,4.903325,-1.3756552,-7.8180795
41.351227,4.944186,-1.3756552,-7.8180795
41.390076,4.9850473,-1.3756552,-7.7772183
41.431794,4.903325,-1.3756552,-7.8861814
41.47052,4.862464,-1.334794,-7.8180795
41.512482,4.944186,-1.4165162,-7.7772183
41.554047,4.944186,-1.334794,-7.8180795
41.590851,4.903325,-1.3756552,-7.8861814
41.630372,4.944186,-1.334794,-7.8180795
41.700104,4.944186,-1.4165162,-7.8180795
41.750733,4.944186,-1.3756552,-7.8180795
41.790345,4.903325,-1.3756552,-7.7772183
41.830262,4.944186,-1.334794,-7.7363577
41.871094,4.903325,-1.334794,-7.8589406
41.910035,4.944186,-1.334794,-7.8589406
41.950196,4.944186,-1.334794,-7.8180795
41.990113,4.944186,-1.3756552,-7.8589406
42.03122,4.903325,-1.334794,-7.7772183
42.070313,4.903325,-1.4165162,-7.8180795
42.112732,4.944186,-1.334794,-7.7772183
42.151581,4.944186,-1.334794,-7.8180795
42.191346,4.944186,-1.334794,-7.8589406
42.230561,4.944186,-1.334794,-7.7772183
42.271241,4.903325,-1.334794,-7.8180795
42.31009,4.944186,-1.334794,-7.7363577
42.352204,4.944186,-1.3075534,-7.8180795
42.39209,4.944186,-1.334794,-7.8861814
42.430146,4.944186,-1.3756552,-7.8589406
42.47052,4.862464,-1.334794,-7.8589406
42.510285,4.862464,-1.4982382,-7.9679036
42.550324,4.862464,-1.3756552,-7.8589406
42.590607,4.903325,-1.3756552,-7.8589406
42.631348,4.9850473,-1.3756552,-7.8180795
42.670716,4.9850473,-1.2666923,-7.7772183
42.710389,5.012288,-1.334794,-7.7363577
42.750306,5.012288,-1.334794,-7.6954966
42.793244,5.012288,-1.3756552,-7.7772183
42.840088,4.9850473,-1.525479,-7.8589406
42.880677,4.944186,-1.4165162,-7.7772183
42.920105,4.944186,-1.3756552,-7.8589406
42.966828,4.903325,-1.3756552,-7.8180795
43,4.944186,-1.3756552,-7.8180795
43.049012,5.053149,-1.334794,-7.7363577
43.097657,5.012288,-1.3756552,-7.6954966
43.147492,5.012288,-1.3756552,-7.8180795
43.182801,4.862464,-1.4165162,-7.7363577
43.222046,5.012288,-1.4573772,-7.8180795
43.261597,4.9850473,-1.334794,-7.6954966
43.300965,5.012288,-1.3756552,-7.8589406
43.343171,4.903325,-1.2666923,-7.6546354
43.381104,5.134871,-1.3075534,-8.049625
43.426514,4.862464,-1.4573772,-7.7363577
43.460267,5.09401,-1.2666923,-7.6273947
43.500214,5.284695,-1.3075534,-7.8861814
43.540253,5.366417,-1.525479,-7.7772183
43.580048,5.175732,-1.4573772,-7.6546354
43.620301,5.2165933,-1.4982382,-7.6273947
43.662659,5.366417,0.95342433,-7.4639506
43.704224,5.407278,-3.568531,-7.6954966
43.740754,5.09401,-2.3018389,-7.9270425
43.780213,5.134871,-2.7513103,-7.246025
43.821625,4.671779,-2.5333846,-7.246025
43.860596,5.134871,-1.920469,-7.6954966
43.903809,5.7886477,-1.1168685,-7.3958488
43.942749,5.243834,-3.1054392,-7.3958488
43.984925,4.903325,-2.1383946,-7.7772183
44.022645,3.0237172,-0.95342433,-7.6273947
44.062043,5.284695,-1.6480621,-7.164303
44.101258,6.1291566,-1.4982382,-7.164303
44.1409,5.9793324,-1.4982382,-7.504812
44.182953,5.407278,-0.8036005,-7.014479
44.2211,6.4015636,-1.1441092,-6.6331096
44.26117,6.469665,-1.4982382,-7.8589406
44.303345,5.8567495,-0.3405087,-7.9270425
44.340119,5.175732,-3.636633,-8.471856
44.380341,4.099725,-2.1792557,-8.267551
44.420136,3.718355,-1.7297841,-6.973618
44.464142,2.4925237,-0.10896278,-7.3141265
44.500123,6.0474343,-0.10896278,-5.706926
44.543213,8.349273,0.95342433,-11.032481
44.580628,5.243834,1.920469,-5.09401
44.622803,7.7772183,-1.7297841,-8.539958
44.666932,5.7886477,-2.070293,-7.205164
44.715516,6.3607025,0.19068487,-6.6331096
44.758912,5.7477865,-0.7627395,-6.238119
44.801209,6.3198414,0.313268,-9.152874
44.842804,5.8567495,-0.8036005,-7.8589406
44.89676,5.6660647,-1.8387469,-9.00305
44.969269,5.6660647,-3.173541,-6.428804
45.002198,5.9793324,-1.9477097,-6.782933
45.062348,6.0882955,-1.879608,-7.1234417
45.111176,5.434519,-3.486809,-6.510526
45.153992,6.1700177,-4.099725,-5.134871
45.200104,5.597963,-3.214402,-10.337844
45.230988,7.8589406,-1.607201,-6.1700177
45.2706,7.273266,-4.440233,-5.6252036
45.310212,8.471856,-5.407278,-6.5922484
45.340241,9.043911,-3.3642259,-8.853226
45.370209,8.076866,-5.243834,-6.5922484
45.417054,5.6660647,-6.238119,-3.7864566
45.450257,4.0588636,-9.112013,4.5628166
45.492493,3.759216,-7.9679036,5.9793324
45.530243,1.9477097,-5.175732,8.19945
45.570343,0.7627395,-1.7570249,10.882658
45.614472,-1.0760075,-0.10896278,10.079058
45.651276,-1.4573772,-1.0760075,9.997335
45.690461,-0.38136974,-3.2961242,8.349273
45.730286,-1.0351465,-1.6480621,8.281172
45.760315,-1.3756552,-1.4165162,7.7363577
45.790497,-3.336985,0.8036005,9.534244
45.830567,-1.525479,-1.6889231,9.80665
45.870209,1.7978859,-2.7240696,10.419566
45.900208,1.9477097,-0.5720546,11.876944
45.930115,3.1463003,-1.2666923,10.732834
45.960145,4.671779,-1.8387469,9.425281
45.990143,4.0180025,-2.7921712,9.915613
46.020173,3.0645783,-2.1111538,8.240311
46.060212,2.8330324,1.7978859,9.507003
46.089936,4.399372,1.9477097,10.56939
46.120301,3.9499009,0.08172209,9.997335
46.149964,3.9090397,1.0351465,7.9270425
46.179963,3.9090397,0.50395286,10.310603
46.210114,3.0237172,0.6537767,12.367276
46.240113,3.1054392,2.7240696,11.264028
46.270112,3.9499009,2.8330324,10.501288
46.330781,3.1054392,1.56634,10.269742
46.370118,3.0237172,0.27240697,10.419566
46.399994,3.0237172,1.607201,10.800936
46.448273,3.3778462,2.8738933,10.800936
46.490296,2.4108016,4.630918,10.18802
46.551484,1.8387469,2.3018389,10.61025
46.601441,1.4982382,1.7978859,9.384419
46.670105,0.50395286,0.92618364,10.310603
46.712342,0.50395286,1.4982382,10.528529
46.751648,0.5720546,1.8387469,10.228881
46.790711,0.6537767,2.4108016,10.310603
46.88675,0.88532263,3.3778462,9.888372
46.97995,0.9942854,2.9556155,9.956474
47.020142,0.7627395,3.1054392,10.038197
47.05011,-0.3405087,3.405087,9.997335
47.088227,-0.14982383,3.8681788,9.724928
47.170136,0.7627395,4.2086873,10.337844
47.220154,0.38136974,4.630918,9.193735
47.32016,-0.23154591,5.175732,9.00305
47.350159,-0.08172209,5.366417,9.152874
47.380127,0.08172209,5.938472,8.853226
47.409974,0.040861044,6.0882955,8.730643
47.439911,-0.040861044,6.238119,8.853226
47.472962,-0.14982383,6.6331096,8.390134
47.520112,0.08172209,6.510526,8.008764
47.58014,-0.040861044,6.6331096,7.8861814
47.618165,-0.14982383,6.66035,7.668256
47.651398,-0.040861044,6.8237944,7.7772183
47.689972,0,6.66035,7.668256
47.720856,-0.95342433,7.0553403,7.43671
47.760163,-0.5720546,6.782933,7.504812
47.801301,-0.3405087,6.973618,7.7772183
47.840302,-0.23154591,6.932757,7.3141265
47.870118,-0.29964766,7.082581,7.668256
47.900116,-0.46309182,7.164303,7.6954966
47.930207,-0.29964766,7.0553403,7.5456724
47.960114,-0.08172209,7.014479,7.5456724
47.990113,-0.23154591,7.205164,7.6954966
48.020081,-0.27240697,7.164303,7.668256
48.050171,-0.10896278,7.205164,7.504812
48.090271,-0.27240697,7.3141265,7.5456724
48.130188,-0.19068487,7.082581,7.43671
48.178956,-0.23154591,7.273266,7.4639506
48.230072,-0.23154591,7.246025,7.3549876
48.260193,-0.27240697,7.3141265,7.43671
48.292603,-0.29964766,7.3141265,7.273266
48.330048,-0.19068487,7.273266,7.3141265
48.359925,-0.19068487,7.43671,7.4639506
48.390137,-0.19068487,7.3958488,7.4639506
48.420197,-0.27240697,7.273266,7.164303
48.460083,-0.23154591,7.0553403,7.082581
48.510499,-0.10896278,7.3141265,7.3958488
48.550232,-0.23154591,7.082581,7.3141265
48.590241,0.23154591,7.1234417,7.8589406
48.630433,0.313268,6.891896,7.8180795
48.670197,0.10896278,6.8237944,7.8589406
48.710267,0.46309182,6.701211,8.008764
48.750275,0.27240697,6.891896,7.8861814
48.780182,0.040861044,6.742072,7.9679036
48.820252,0.23154591,6.66035,8.076866
48.850129,-0.040861044,6.6331096,7.164303
48.891449,0.10896278,6.510526,8.771504
48.932923,0.08172209,6.5922484,7.9679036
48.97342,-0.19068487,6.510526,8.281172
49.010743,-0.6537767,6.851035,7.9679036
49.052918,-0.46309182,6.2108784,8.430995
49.090271,-0.42223078,6.6331096,8.076866
49.136353,-0.29964766,6.3198414,8.349273
49.187409,0.10896278,6.3607025,8.117727
49.233857,-0.5720546,6.5513873,8.308413
49.272309,-0.38136974,6.2789803,8.158588
49.315278,0,6.2789803,8.471856
49.350708,-0.14982383,5.8567495,8.008764
49.390198,-0.040861044,6.701211,8.19945
49.440247,0.3405087,6.5513873,8.689782
49.484681,0.14982383,6.4424243,8.281172
49.520081,0.19068487,6.510526,8.430995
49.561158,0.040861044,6.4424243,8.390134
49.600129,0.14982383,6.2789803,8.19945
49.640259,0.19068487,6.1700177,8.117727
49.68039,0.040861044,6.0882955,8.308413
49.720246,0.23154591,6.0882955,8.19945
49.759919,0.23154591,6.0474343,8.349273
49.790162,0.040861044,6.0474343,8.471856
49.83014,-0.08172209,5.8567495,8.349273
49.875794,0.14982383,5.8567495,8.308413
49.910828,0.08172209,6.0474343,8.771504
49.940705,0.3405087,6.2108784,8.962189
49.980256,0.5720546,5.5571017,8.812365
50.020997,0.50395286,5.7477865,8.240311
50.061554,0.7218784,5.938472,8.662541
50.100953,0.53119355,5.706926,8.894087
50.140198,0.8036005,5.706926,8.689782
50.18042,0.38136974,6.0201936,8.894087